id,prescription,SMILES,uses
abemaciclib,Verzenio,CCN1CCN(CC1)CC2=CN=C(C=C2)NC3=NC=C(C(=N3)C4=CC5=C(C(=C4)F)N=C(N5C(C)C)C)F,breast cancer
abiraterone-acetate,Zytiga,CC(=O)O[C@H]1CC[C@@]2([C@H]3CC[C@]4([C@H]([C@@H]3CC=C2C1)CC=C4C5=CN=CC=C5)C)C,prostate cancer
acalabrutinib,Calquence,CC#CC(=O)N1CCC[C@H]1C2=NC(=C3N2C=CN=C3N)C4=CC=C(C=C4)C(=O)NC5=CC=CC=N5,leukemia
acalabrutinib-maleate-monohydrate,Calquence,CC#CC(=O)N1CCC[C@H]1c2nc(-c3ccc(cc3)C(=O)Nc4ccccn4)c5c(N)nccn52.C(=C/C(=O)O)/C(=O)O.O,lymphoma
adagrasib,Krazati,CN1CCC[C@H]1COC2=NC3=C(CCN(C3)C4=CC=CC5=C4C(=CC=C5)Cl)C(=N2)N6CCN([C@H](C6)CC#N)C(=O)C(=C)F,"colorectal cancer, lung cancer"
afatinib-dimaleate,Gilotrif,CN(C/C=C/C(=O)NC1=C(C=C2N=CN=C(C2=C1)NC3=CC(=C(C=C3)F)Cl)O[C@@H]4COCC4)C.C(=C\C(=O)O)\C(=O)O.C(=C\C(=O)O)\C(=O)O,lung cancer
alectinib,Alecensa,CCC1=CC2=C(C=C1N3CCC(CC3)N4CCOCC4)C(C5=C(C2=O)C6=C(N5)C=C(C=C6)C#N)(C)C,lung cancer
alitretinoin,Panretin,CC1=C(C(CCC1)(C)C)/C=C/C(=C\C=C\C(=C\C(=O)O)\C)/C,"skin cancer, soft tissue sarcoma"
alpelisib,Piqray,CC1=C(SC(=N1)NC(=O)N2CCC[C@H]2C(=O)N)C3=CC(=NC=C3)C(C)(C)C(F)(F)F,breast cancer
anastrozole,Arimidex,CC(C)(C#N)C1=CC(=CC(=C1)CN2C=NC=N2)C(C)(C)C#N,breast cancer
apalutamide,Erleada,CNC(=O)C1=C(C=C(C=C1)N2C(=S)N(C(=O)C23CCC3)C4=CC(=C(N=C4)C#N)C(F)(F)F)F,prostate cancer
asciminib-hydrochloride,Scemblix,C1CN(C[C@@H]1O)C2=C(C=C(C=N2)C(=O)NC3=CC=C(C=C3)OC(F)(F)Cl)C4=CC=NN4.Cl,leukemia
avapritinib,Ayvakit,C[C@](C1=CC=C(C=C1)F)(C2=CN=C(N=C2)N3CCN(CC3)C4=NC=NN5C4=CC(=C5)C6=CN(N=C6)C)N,"gastrointestinal stromal tumor, leukemia, systemic mastocytosis"
axitinib,Inlyta,CNC(=O)C1=CC=CC=C1SC2=CC3=C(C=C2)C(=NN3)/C=C/C4=CC=CC=N4,kidney cancer
belinostat,Beleodaq,C1=CC=C(C=C1)NS(=O)(=O)C2=CC=CC(=C2)/C=C/C(=O)NO,lymphoma
belzutifan,Welireg,CS(=O)(=O)C1=C2[C@@H]([C@@H]([C@@H](C2=C(C=C1)OC3=CC(=CC(=C3)C#N)F)F)F)O,"brain cancer, kidney cancer, pancreatic cancer"
bexarotene,Targretin,CC1=CC2=C(C=C1C(=C)C3=CC=C(C=C3)C(=O)O)C(CCC2(C)C)(C)C,lymphoma
bicalutamide,Casodex,CC(CS(=O)(=O)C1=CC=C(C=C1)F)(C(=O)NC2=CC(=C(C=C2)C#N)C(F)(F)F)O,prostate cancer
binimetinib,Mektovi,CN1C=NC2=C1C=C(C(=C2F)NC3=C(C=C(C=C3)Br)F)C(=O)NOCCO,"lung cancer, skin cancer"
bortezomib,Velcade,B([C@H](CC(C)C)NC(=O)[C@H](CC1=CC=CC=C1)NC(=O)C2=NC=CN=C2)(O)O,"lymphoma, multiple myeloma"
bosutinib,Bosulif,CN1CCN(CC1)CCCOC2=C(C=C3C(=C2)N=CC(=C3NC4=CC(=C(C=C4Cl)Cl)OC)C#N)OC,leukemia
brigatinib,Alunbrig,CN1CCN(CC1)C2CCN(CC2)C3=CC(=C(C=C3)NC4=NC=C(C(=N4)NC5=CC=CC=C5P(=O)(C)C)Cl)OC,lung cancer
cabazitaxel,Jevtana,CC1=C2[C@H](C(=O)[C@@]3([C@H](C[C@@H]4[C@]([C@H]3[C@@H]([C@@](C2(C)C)(C[C@@H]1OC(=O)[C@@H]([C@H](C5=CC=CC=C5)NC(=O)OC(C)(C)C)O)O)OC(=O)C6=CC=CC=C6)(CO4)OC(=O)C)OC)C)OC,prostate cancer
cabozantinib-s-malate,Cometriq,COC1=CC2=C(C=CN=C2C=C1OC)OC3=CC=C(C=C3)NC(=O)C4(CC4)C(=O)NC5=CC=C(C=C5)F.C([C@@H](C(=O)O)O)C(=O)O,"kidney cancer, liver and bile duct cancer, thyroid cancer"
capivasertib,Truqap,C1CN(CCC1(C(=O)N[C@@H](CCO)C2=CC=C(C=C2)Cl)N)C3=NC=NC4=C3C=CN4,breast cancer
capmatinib-hydrochloride,Tabrecta,CNC(=O)C1=C(C=C(C=C1)C2=NN3C(=CN=C3N=C2)CC4=CC5=C(C=C4)N=CC=C5)F.O.Cl.Cl,lung cancer
carfilzomib,Kyprolis,CC(C)C[C@@H](C(=O)[C@]1(CO1)C)NC(=O)[C@H](CC2=CC=CC=C2)NC(=O)[C@H](CC(C)C)NC(=O)[C@H](CCC3=CC=CC=C3)NC(=O)CN4CCOCC4,multiple myeloma
ceritinib,Zykadia,CC1=CC(=C(C=C1C2CCNCC2)OC(C)C)NC3=NC=C(C(=N3)NC4=CC=CC=C4S(=O)(=O)C(C)C)Cl,lung cancer
cobimetinib-fumarate,Cotellic,C1CCN[C@@H](C1)C2(CN(C2)C(=O)C3=C(C(=C(C=C3)F)F)NC4=C(C=C(C=C4)I)F)O.C1CCN[C@@H](C1)C2(CN(C2)C(=O)C3=C(C(=C(C=C3)F)F)NC4=C(C=C(C=C4)I)F)O.C(=C/C(=O)O)\C(=O)O,skin cancer
crizotinib,Xalkori,C[C@H](C1=C(C=CC(=C1Cl)F)Cl)OC2=C(N=CC(=C2)C3=CN(N=C3)C4CCNCC4)N,"lung cancer, lymphoma, soft tissue sarcoma"
dabrafenib,Tafinlar,CC(C)(C)C1=NC(=C(S1)C2=NC(=NC=C2)N)C3=C(C(=CC=C3)NS(=O)(=O)C4=C(C=CC=C4F)F)F,brain cancer
dabrafenib-mesylate,Tafinlar,CC(C)(C)C1=NC(=C(S1)C2=NC(=NC=C2)N)C3=C(C(=CC=C3)NS(=O)(=O)C4=C(C=CC=C4F)F)F.CS(=O)(=O)O,"lung cancer, skin cancer, solid tumors anywhere in the body, thyroid cancer"
dacomitinib,Vizimpro,COC1=C(C=C2C(=C1)N=CN=C2NC3=CC(=C(C=C3)F)Cl)NC(=O)/C=C/CN4CCCCC4.O,lung cancer
darolutamide,Nubeqa,C[C@@H](CN1C=CC(=N1)C2=CC(=C(C=C2)C#N)Cl)NC(=O)C3=NNC(=C3)C(C)O,prostate cancer
dasatinib,Sprycel,CC1=C(C(=CC=C1)Cl)NC(=O)C2=CN=C(S2)NC3=CC(=NC(=N3)C)N4CCN(CC4)CCO,leukemia
degarelix,Firmagon,C[C@H](C(=O)N)NC(=O)[C@@H]1CCCN1C(=O)[C@H](CCCCNC(C)C)NC(=O)[C@H](CC(C)C)NC(=O)[C@@H](CC2=CC=C(C=C2)NC(=O)N)NC(=O)[C@H](CC3=CC=C(C=C3)NC(=O)[C@@H]4CC(=O)NC(=O)N4)NC(=O)[C@H](CO)NC(=O)[C@@H](CC5=CN=CC=C5)NC(=O)[C@@H](CC6=CC=C(C=C6)Cl)NC(=O)[C@@H](CC7=CC8=CC=CC=C8C=C7)NC(=O)C,prostate cancer
duvelisib,Copiktra,C[C@@H](C1=CC2=C(C(=CC=C2)Cl)C(=O)N1C3=CC=CC=C3)NC4=NC=NC5=C4NC=N5,"leukemia, lymphoma"
elacestrant-dihydrochloride,Orserdu,OC1=CC=C2C[C@H](C3=CC=C(OC)C=C3N(CC)CC4=CC=C(CCNCC)C=C4)CCC2=C1.[H]Cl.[H]Cl,breast cancer
enasidenib-mesylate,Idhifa,CC(C)(CNC1=NC(=NC(=N1)C2=NC(=CC=C2)C(F)(F)F)NC3=CC(=NC=C3)C(F)(F)F)O.CS(=O)(=O)O,leukemia
encorafenib,Braftovi,C[C@@H](CNC1=NC=CC(=N1)C2=CN(N=C2C3=C(C(=CC(=C3)Cl)NS(=O)(=O)C)F)C(C)C)NC(=O)OC,"colorectal cancer, lung cancer, skin cancer"
ensartinib-hydrochloride,Ensacove,C[C@@H]1CN(C[C@@H](N1)C)C(=O)C2=CC=C(C=C2)NC(=O)C3=NN=C(C(=C3)O[C@H](C)C4=C(C=CC(=C4Cl)F)Cl)N.Cl.Cl,lung cancer
entrectinib,Rozlytrek,CN1CCN(CC1)C2=CC(=C(C=C2)C(=O)NC3=NNC4=C3C=C(C=C4)CC5=CC(=CC(=C5)F)F)NC6CCOCC6,"lung cancer, solid tumors anywhere in the body"
enzalutamide,Xtandi,CC1(C(=O)N(C(=S)N1C2=CC(=C(C=C2)C(=O)NC)F)C3=CC(=C(C=C3)C#N)C(F)(F)F)C,prostate cancer
erdafitinib,Balversa,CC(C)NCCN(C1=CC2=NC(=CN=C2C=C1)C3=CN(N=C3)C)C4=CC(=CC(=C4)OC)OC,bladder cancer
erlotinib-hydrochloride,Tarceva,COCCOC1=C(C=C2C(=C1)C(=NC=N2)NC3=CC=CC(=C3)C#C)OCCOC.Cl,"lung cancer, pancreatic cancer"
everolimus,Afinitor,C[C@@H]1CC[C@H]2C[C@@H](/C(=C/C=C/C=C/[C@H](C[C@H](C(=O)[C@@H]([C@@H](/C(=C/[C@H](C(=O)C[C@H](OC(=O)[C@@H]3CCCCN3C(=O)C(=O)[C@@]1(O2)O)[C@H](C)C[C@@H]4CC[C@H]([C@@H](C4)OC)OCCO)C)/C)O)OC)C)C)/C)OC,"brain cancer, breast cancer, endocrine and neuroendocrine tumors, kidney cancer, pancreatic cancer"
exemestane,Aromasin,C[C@]12CC[C@H]3[C@H]([C@@H]1CCC2=O)CC(=C)C4=CC(=O)C=C[C@]34C,breast cancer
fedratinib-hydrochloride,Inrebic,CC1=CN=C(N=C1NC2=CC(=CC=C2)S(=O)(=O)NC(C)(C)C)NC3=CC=C(C=C3)OCCN4CCCC4.O.Cl.Cl,myelodysplastic and myeloproliferative disorders
flutamide,,CC(C)C(=O)NC1=CC(=C(C=C1)[N+](=O)[O-])C(F)(F)F,prostate cancer
fruquintinib,Fruzalqa,CC1=C(C2=C(O1)C=C(C=C2)OC3=NC=NC4=CC(=C(C=C43)OC)OC)C(=O)NC,colorectal cancer
fulvestrant,Faslodex,C[C@]12CC[C@H]3[C@H]([C@@H]1CC[C@@H]2O)[C@@H](CC4=C3C=CC(=C4)O)CCCCCCCCCS(=O)CCCC(C(F)(F)F)(F)F,breast cancer
futibatinib,Lytgobi,COC1=CC(=CC(=C1)C#CC2=NN(C3=NC=NC(=C23)N)[C@H]4CCN(C4)C(=O)C=C)OC,liver and bile duct cancer
gefitinib,Iressa,COC1=C(C=C2C(=C1)N=CN=C2NC3=CC(=C(C=C3)F)Cl)OCCCN4CCOCC4,lung cancer
gilteritinib-fumarate,Xospata,CCC1=C(N=C(C(=N1)C(=O)N)NC2=CC(=C(C=C2)N3CCC(CC3)N4CCN(CC4)C)OC)NC5CCOCC5.CCC1=C(N=C(C(=N1)C(=O)N)NC2=CC(=C(C=C2)N3CCC(CC3)N4CCN(CC4)C)OC)NC5CCOCC5.C(=C/C(=O)O)\C(=O)O,leukemia
glasdegib-maleate,Daurismo,CN1CC[C@H](C[C@@H]1C2=NC3=CC=CC=C3N2)NC(=O)NC4=CC=C(C=C4)C#N.C(=C\C(=O)O)\C(=O)O,leukemia
goserelin-acetate,Zoladex,CC(C)C[C@@H](C(=O)N[C@@H](CCCN=C(N)N)C(=O)N1CCC[C@H]1C(=O)NNC(=O)N)NC(=O)[C@@H](COC(C)(C)C)NC(=O)[C@H](CC2=CC=C(C=C2)O)NC(=O)[C@H](CO)NC(=O)[C@H](CC3=CNC4=CC=CC=C43)NC(=O)[C@H](CC5=CN=CN5)NC(=O)[C@@H]6CCC(=O)N6.CC(=O)O,"breast cancer, prostate cancer"
ibrutinib,Imbruvica,C=CC(=O)N1CCC[C@H](C1)N2C3=NC=NC(=C3C(=N2)C4=CC=C(C=C4)OC5=CC=CC=C5)N,"leukemia, lymphoma"
idelalisib,Zydelig,CC[C@@H](C1=NC2=C(C(=CC=C2)F)C(=O)N1C3=CC=CC=C3)NC4=NC=NC5=C4NC=N5,leukemia
imatinib-mesylate,Gleevec,CC1=C(C=C(C=C1)NC(=O)C2=CC=C(C=C2)CN3CCN(CC3)C)NC4=NC=CC(=N4)C5=CN=CC=C5.CS(=O)(=O)O,"dermatofibrosarcoma protuberans, gastrointestinal stromal tumor, leukemia, myelodysplastic and myeloproliferative disorders, systemic mastocytosis"
imetelstat-sodium,Rytelo,CCCCCCCCCCCCCCCC(=O)NCC(COP(=S)([O-])OC[C@@H]1[C@H](C[C@@H](O1)N2C=C(C(=O)NC2=O)C)NP(=S)([O-])OC[C@@H]3[C@H](C[C@@H](O3)N4C=NC5=C(N=CN=C54)N)NP(=S)([O-])OC[C@@H]6[C@H](C[C@@H](O6)N7C=NC8=C7N=C(NC8=O)N)NP(=S)([O-])OC[C@@H]9[C@H](C[C@@H](O9)N1C=NC2=C1N=C(NC2=O)N)NP(=S)([O-])OC[C@@H]1[C@H](C[C@@H](O1)N1C=NC2=C1N=C(NC2=O)N)NP(=S)([O-])OC[C@@H]1[C@H](C[C@@H](O1)N1C=C(C(=O)NC1=O)C)NP(=S)([O-])OC[C@@H]1[C@H](C[C@@H](O1)N1C=C(C(=O)NC1=O)C)NP(=S)([O-])OC[C@@H]1[C@H](C[C@@H](O1)N1C=NC2=C(N=CN=C21)N)NP(=S)([O-])OC[C@@H]1[C@H](C[C@@H](O1)N1C=NC2=C1N=C(NC2=O)N)NP(=S)([O-])OC[C@@H]1[C@H](C[C@@H](O1)N1C=NC2=C(N=CN=C21)N)NP(=S)([O-])OC[C@@H]1[C@H](C[C@@H](O1)N1C=CC(=NC1=O)N)NP(=S)([O-])OC[C@@H]1[C@H](C[C@@H](O1)N1C=NC2=C(N=CN=C21)N)NP(=O)(OC[C@@H]1[C@H](C[C@@H](O1)N1C=NC2=C(N=CN=C21)N)N)[S-])O.[Na+].[Na+].[Na+].[Na+].[Na+].[Na+].[Na+].[Na+].[Na+].[Na+].[Na+].[Na+].[Na+],myelodysplastic and myeloproliferative disorders
inavolisib,Itovebi,C[C@@H](C(=O)N)NC1=CC2=C(C=C1)C3=NC(=CN3CCO2)N4[C@@H](COC4=O)C(F)F,breast cancer
iobenguane-i-131,Azedra,C1=CC(=CC(=C1)[131I])CN=C(N)N,endocrine and neuroendocrine tumors
ivosidenib,Tibsovo,C1CC(=O)N([C@@H]1C(=O)N(C2=CC(=CN=C2)F)[C@@H](C3=CC=CC=C3Cl)C(=O)NC4CC(C4)(F)F)C5=NC=CC(=C5)C#N,"leukemia, liver and bile duct cancer, myelodysplastic and myeloproliferative disorders"
ixazomib-citrate,Ninlaro,B1(OC(=O)C(O1)(CC(=O)O)CC(=O)O)[C@H](CC(C)C)NC(=O)CNC(=O)C2=C(C=CC(=C2)Cl)Cl,multiple myeloma
lanreotide-acetate,Somatuline Depot,C[C@H]([C@@H](C(=O)N)NC(=O)[C@@H]1CSSC[C@@H](C(=O)N[C@H](C(=O)N[C@@H](C(=O)N[C@H](C(=O)N[C@H](C(=O)N1)C(C)C)CCCCN)CC2=CNC3=CC=CC=C32)CC4=CC=C(C=C4)O)NC(=O)[C@@H](CC5=CC6=CC=CC=C6C=C5)N)O.CC(=O)O,endocrine and neuroendocrine tumors
lapatinib-ditosylate,Tykerb,CC1=CC=C(C=C1)S(=O)(=O)O.CC1=CC=C(C=C1)S(=O)(=O)O.CS(=O)(=O)CCNCC1=CC=C(O1)C2=CC3=C(C=C2)N=CN=C3NC4=CC(=C(C=C4)OCC5=CC(=CC=C5)F)Cl.O,breast cancer
larotrectinib-sulfate,Vitrakvi,C1C[C@@H](N(C1)C2=NC3=C(C=NN3C=C2)NC(=O)N4CC[C@@H](C4)O)C5=C(C=CC(=C5)F)F.OS(=O)(=O)O,solid tumors anywhere in the body
lazertinib-mesylate-hydrate,Lazcluze,CN(C)CC1=CN(N=C1C2=CC=CC=C2)C3=NC(=NC=C3)NC4=C(C=C(C(=C4)NC(=O)C=C)N5CCOCC5)OC.CS(=O)(=O)O.O,lung cancer
lenvatinib-mesylate,Lenvima,COC1=CC2=NC=CC(=C2C=C1C(=O)N)OC3=CC(=C(C=C3)NC(=O)NC4CC4)Cl.CS(=O)(=O)O,"endometrial cancer, kidney cancer, liver and bile duct cancer, thyroid cancer"
letrozole,Femara,C1=CC(=CC=C1C#N)C(C2=CC=C(C=C2)C#N)N3C=NC=N3,breast cancer
leuprolide-acetate,"Lupron Depot, Eligard",CCNC(=O)[C@@H]1CCCN1C(=O)[C@H](CCCN=C(N)N)NC(=O)[C@H](CC(C)C)NC(=O)[C@@H](CC(C)C)NC(=O)[C@H](CC2=CC=C(C=C2)O)NC(=O)[C@H](CO)NC(=O)[C@H](CC3=CNC4=CC=CC=C43)NC(=O)[C@H](CC5=CN=CN5)NC(=O)[C@@H]6CCC(=O)N6.CC(=O)O,prostate cancer
leuprolide-mesylate,Camcevi,CCNC(=O)[C@@H]1CCCN1C(=O)[C@H](CCCN=C(N)N)NC(=O)[C@H](CC(C)C)NC(=O)[C@@H](CC(C)C)NC(=O)[C@H](CC2=CC=C(C=C2)O)NC(=O)[C@H](CO)NC(=O)[C@H](CC3=CNC4=CC=CC=C43)NC(=O)[C@H](CC5=CN=CN5)NC(=O)[C@@H]6CCC(=O)N6.CS(=O)(=O)O,prostate cancer
lorlatinib,Lorbrena,C[C@@H]1C2=C(C=CC(=C2)F)C(=O)N(CC3=NN(C(=C3C4=CC(=C(N=C4)N)O1)C#N)C)C,lung cancer
lutetium-lu-177-dotatate,Lutathera,C[C@H]([C@H]1C(=O)N[C@@H](CSSC[C@@H](C(=O)N[C@H](C(=O)N[C@@H](C(=O)N[C@H](C(=O)N1)CCCCN)CC2=CNC3=CC=CC=C32)CC4=CC=C(C=C4)O)NC(=O)[C@@H](CC5=CC=CC=C5)NC(=O)CN6CCN(CCN(CCN(CC6)CC(=O)[O-])CC(=O)[O-])CC(=O)[O-])C(=O)N[C@@H]([C@@H](C)O)C(=O)O)O.[177Lu+3],endocrine and neuroendocrine tumors
lutetium-lu-177-vipivotide-tetraxetan,Pluvicto,C1CC(CCC1CNC(=O)CN2CCN(CCN(CCN(CC2)CC(=O)[O-])CC(=O)[O-])CC(=O)[O-])C(=O)N[C@@H](CC3=CC4=CC=CC=C4C=C3)C(=O)NCCCC[C@@H](C(=O)O)NC(=O)N[C@@H](CCC(=O)O)C(=O)O.[177Lu+3],prostate cancer
midostaurin,Rydapt,C[C@@]12[C@@H]([C@@H](C[C@@H](O1)N3C4=CC=CC=C4C5=C6C(=C7C8=CC=CC=C8N2C7=C53)CNC6=O)N(C)C(=O)C9=CC=CC=C9)OC,"leukemia, systemic mastocytosis"
momelotinib-dihydrochloride-monohydrate,Ojjaara,C1COCCN1C2=CC=C(C=C2)NC3=NC=CC(=N3)C4=CC=C(C=C4)C(=O)NCC#N.O.Cl.Cl,myelodysplastic and myeloproliferative disorders
neratinib-maleate,Nerlynx,CCOC1=C(C=C2C(=C1)N=CC(=C2NC3=CC(=C(C=C3)OCC4=CC=CC=N4)Cl)C#N)NC(=O)/C=C/CN(C)C.C(=C\C(=O)O)\C(=O)O,breast cancer
nilotinib,Tasigna,CC1=C(C=C(C=C1)C(=O)NC2=CC(=CC(=C2)C(F)(F)F)N3C=C(N=C3)C)NC4=NC=CC(=N4)C5=CN=CC=C5,leukemia
nilutamide,Nilandron,CC1(C(=O)N(C(=O)N1)C2=CC(=C(C=C2)[N+](=O)[O-])C(F)(F)F)C,prostate cancer
niraparib-tosylate-monohydrate,Zejula,CC1=CC=C(C=C1)S(=O)(=O)O.C1C[C@H](CNC1)C2=CC=C(C=C2)N3C=C4C=CC=C(C4=N3)C(=O)N.O,"ovarian epithelial, fallopian tube, and primary peritoneal cancers"
niraparib-tosylate-monohydrate-and-abiraterone-acetate,Akeega,CC1=CC=C(C=C1)S(=O)(=O)O.C1C[C@H](CNC1)C2=CC=C(C=C2)N3C=C4C=CC=C(C4=N3)C(=O)N.O.CC(=O)O[C@H]1CC[C@@]2([C@H]3CC[C@]4([C@H]([C@@H]3CC=C2C1)CC=C4C5=CN=CC=C5)C)C,prostate cancer
nirogacestat-hydrobromide,Ogsiveo,CCC[C@@H](C(=O)NC1=CN(C=N1)C(C)(C)CNCC(C)(C)C)N[C@H]2CCC3=C(C2)C(=CC(=C3)F)F.Br.Br,soft tissue sarcoma
olaparib,Lynparza,C1CC1C(=O)N2CCN(CC2)C(=O)C3=C(C=CC(=C3)CC4=NNC(=O)C5=CC=CC=C54)F,"breast cancer, ovarian epithelial, fallopian tube, and primary peritoneal cancers, pancreatic cancer, prostate cancer"
olutasidenib,Rezlidhia,C[C@@H](C1=CC2=C(C=CC(=C2)Cl)NC1=O)NC3=CC=C(N(C3=O)C)C#N,leukemia
osimertinib-mesylate,Tagrisso,CN1C=C(C2=CC=CC=C21)C3=NC(=NC=C3)NC4=C(C=C(C(=C4)NC(=O)C=C)N(C)CCN(C)C)OC.CS(=O)(=O)O,lung cancer
pacritinib-citrate,Vonjo,C1CCN(C1)CCOC2=C3COC/C=C/COCC4=CC(=CC=C4)C5=NC(=NC=C5)NC(=C3)C=C2.C(C(=O)O)C(CC(=O)O)(C(=O)O)O,myelodysplastic and myeloproliferative disorders
palbociclib,Ibrance,CC1=C(C(=O)N(C2=NC(=NC=C12)NC3=NC=C(C=C3)N4CCNCC4)C5CCCC5)C(=O)C,breast cancer
pazopanib-hydrochloride,Votrient,CC1=C(C=C(C=C1)NC2=NC=CC(=N2)N(C)C3=CC4=NN(C(=C4C=C3)C)C)S(=O)(=O)N.Cl,"kidney cancer, soft tissue sarcoma"
pemigatinib,Pemazyre,CCN1C2=C3C=C(NC3=NC=C2CN(C1=O)C4=C(C(=CC(=C4F)OC)OC)F)CN5CCOCC5,"leukemia, liver and bile duct cancer, lymphoma, myelodysplastic and myeloproliferative disorders"
pexidartinib-hydrochloride,Turalio,C1=CC(=NC=C1CC2=CNC3=C2C=C(C=N3)Cl)NCC4=CN=C(C=C4)C(F)(F)F.Cl,giant cell tumor
pirtobrutinib,Jaypirca,C[C@@H](C(F)(F)F)N1C(=C(C(=N1)C2=CC=C(C=C2)CNC(=O)C3=C(C=CC(=C3)F)OC)C(=O)N)N,"leukemia, lymphoma"
ponatinib-hydrochloride,Iclusig,CC1=C(C=C(C=C1)C(=O)NC2=CC(=C(C=C2)CN3CCN(CC3)C)C(F)(F)F)C#CC4=CN=C5N4N=CC=C5.Cl,leukemia
pralatrexate,Folotyn,C#CCC(CC1=CN=C2C(=N1)C(=NC(=N2)N)N)C3=CC=C(C=C3)C(=O)N[C@@H](CCC(=O)O)C(=O)O,lymphoma
pralsetinib,Gavreto,CC1=CC(=NN1)NC2=NC(=NC(=C2)C)C3CCC(CC3)(C(=O)N[C@@H](C)C4=CN=C(C=C4)N5C=C(C=N5)F)OC,"lung cancer, thyroid cancer"
quizartinib-dihydrochloride,Vanflyta,CC(C)(C)C1=CC(=NO1)NC(=O)NC2=CC=C(C=C2)C3=CN4C5=C(C=C(C=C5)OCCN6CCOCC6)SC4=N3.Cl.Cl,leukemia
radium-223-dichloride,Xofigo,Cl[223Ra]Cl,prostate cancer
regorafenib,Stivarga,CNC(=O)C1=NC=CC(=C1)OC2=CC(=C(C=C2)NC(=O)NC3=CC(=C(C=C3)Cl)C(F)(F)F)F,"colorectal cancer, gastrointestinal stromal tumor, liver and bile duct cancer"
relugolix,Orgovyx,CN(C)CC1=C(SC2=C1C(=O)N(C(=O)N2CC3=C(C=CC=C3F)F)C4=NN=C(C=C4)OC)C5=CC=C(C=C5)NC(=O)NOC,prostate cancer
repotrectinib,Augtyro,C[C@H]1CNC(=O)C2=C3N=C(C=CN3N=C2)N[C@@H](C4=C(O1)C=CC(=C4)F)C,"lung cancer, solid tumors anywhere in the body"
revumenib-citrate,Revuforj,CCN(C(C)C)C(=O)C1=C(C=CC(=C1)F)OC2=CN=CN=C2N3CC4(C3)CCN(CC4)CC5CCC(CC5)NS(=O)(=O)CC.C(C(=O)O)C(CC(=O)O)(C(=O)O)O.O,leukemia
ribociclib,Kisqali,CN(C)C(=O)C1=CC2=CN=C(N=C2N1C3CCCC3)NC4=NC=C(C=C4)N5CCNCC5,breast cancer
ribociclib-succinate-and-letrozole,Kisquali Femara Co-Pack,CN(C)C(=O)C1=CC2=CN=C(N=C2N1C3CCCC3)NC4=NC=C(C=C4)N5CCNCC5.C(CC(=O)O)C(=O)O.C1=CC(=CC=C1C#N)C(C2=CC=C(C=C2)C#N)N3C=NC=N3,breast cancer
ripretinib,Qinlock,CCN1C2=CC(=NC=C2C=C(C1=O)C3=CC(=C(C=C3Br)F)NC(=O)NC4=CC=CC=C4)NC,gastrointestinal stromal tumor
romidepsin,Istodax,C/C=C\1/C(=O)N[C@H](C(=O)O[C@H]\2CC(=O)N[C@@H](C(=O)N[C@H](CSSCC/C=C2)C(=O)N1)C(C)C)C(C)C,lymphoma
rucaparib-camsylate,Rubraca,CC1([C@@H]2CC[C@]1(C(=O)C2)CS(=O)(=O)O)C.CNCC1=CC=C(C=C1)C2=C3CCNC(=O)C4=C3C(=CC(=C4)F)N2,"ovarian epithelial, fallopian tube, and primary peritoneal cancers, prostate cancer"
ruxolitinib-phosphate,Jakafi,C1CCC(C1)[C@@H](CC#N)N2C=C(C=N2)C3=C4C=CNC4=NC=N3.OP(=O)(O)O,myelodysplastic and myeloproliferative disorders
selinexor,Xpovio,C1=CN=C(C=N1)NNC(=O)/C=C\N2C=NC(=N2)C3=CC(=CC(=C3)C(F)(F)F)C(F)(F)F,"lymphoma, multiple myeloma"
selpercatinib,Retevmo,CC(C)(COC1=CN2C(=C(C=N2)C#N)C(=C1)C3=CN=C(C=C3)N4CC5CC(C4)N5CC6=CN=C(C=C6)OC)O,"lung cancer, solid tumors anywhere in the body, thyroid cancer"
selumetinib-sulfate,Koselugo,CN1C=NC2=C1C=C(C(=C2F)NC3=C(C=C(C=C3)Br)Cl)C(=O)NOCCO.OS(=O)(=O)O,plexiform neurofibroma
sirolimus-protein-bound-particles,Fyarro,C[C@@H]1CC[C@H]2C[C@@H](/C(=C/C=C/C=C/[C@H](C[C@H](C(=O)[C@@H]([C@@H](/C(=C/[C@H](C(=O)C[C@H](OC(=O)[C@@H]3CCCCN3C(=O)C(=O)[C@@]1(O2)O)[C@H](C)C[C@@H]4CC[C@H]([C@@H](C4)OC)O)C)/C)O)OC)C)C)/C)OC,soft tissue sarcoma
sonidegib,Odomzo,C[C@@H]1CN(C[C@@H](O1)C)C2=NC=C(C=C2)NC(=O)C3=CC=CC(=C3C)C4=CC=C(C=C4)OC(F)(F)F,skin cancer
sorafenib-tosylate,Nexavar,CC1=CC=C(C=C1)S(=O)(=O)O.CNC(=O)C1=NC=CC(=C1)OC2=CC=C(C=C2)NC(=O)NC3=CC(=C(C=C3)Cl)C(F)(F)F,"kidney cancer, liver and bile duct cancer, thyroid cancer"
sotorasib,Lumakras,C[C@H]1CN(CCN1C2=NC(=O)N(C3=NC(=C(C=C32)F)C4=C(C=CC=C4F)O)C5=C(C=CN=C5C(C)C)C)C(=O)C=C,"colorectal cancer, lung cancer"
sunitinib-malate,Sutent,CCN(CC)CCNC(=O)C1=C(NC(=C1C)/C=C\2/C3=C(C=CC(=C3)F)NC2=O)C,"gastrointestinal stromal tumor, kidney cancer, pancreatic cancer"
talazoparib-tosylate,Talzenna,CC1=CC=C(C=C1)S(=O)(=O)O.CN1C(=NC=N1)[C@@H]2[C@H](NC3=CC(=CC4=C3C2=NNC4=O)F)C5=CC=C(C=C5)F,"breast cancer, prostate cancer"
tamoxifen-citrate,Soltamox,CC/C(=C(\C1=CC=CC=C1)/C2=CC=C(C=C2)OCCN(C)C)/C3=CC=CC=C3.C(C(=O)O)C(CC(=O)O)(C(=O)O)O,breast cancer
tazemetostat-hydrobromide,Tazverik,CCN(C1CCOCC1)C2=CC(=CC(=C2C)C(=O)NCC3=C(C=C(NC3=O)C)C)C4=CC=C(C=C4)CN5CCOCC5.Br,"lymphoma, soft tissue sarcoma"
temsirolimus,Torisel,C[C@@H]1CC[C@H]2C[C@@H](/C(=C/C=C/C=C/[C@H](C[C@H](C(=O)[C@@H]([C@@H](/C(=C/[C@H](C(=O)C[C@H](OC(=O)[C@@H]3CCCCN3C(=O)C(=O)[C@@]1(O2)O)[C@H](C)C[C@@H]4CC[C@H]([C@@H](C4)OC)OC(=O)C(C)(CO)CO)C)/C)O)OC)C)C)/C)OC,kidney cancer
tepotinib-hydrochloride,Tepmetko,CN1CCC(CC1)COC2=CN=C(N=C2)C3=CC=CC(=C3)CN4C(=O)C=CC(=N4)C5=CC=CC(=C5)C#N.O.Cl,lung cancer
tivozanib-hydrochloride,Fotivda,CC1=CC(=NO1)NC(=O)NC2=C(C=C(C=C2)OC3=C4C=C(C(=CC4=NC=C3)OC)OC)Cl.O.Cl,kidney cancer
toremifene,Fareston,CN(C)CCOC1=CC=C(C=C1)/C(=C(/CCCl)\C2=CC=CC=C2)/C3=CC=CC=C3,breast cancer
tovorafenib,Ojemda,C[C@H](C1=NC=C(S1)C(=O)NC2=NC=C(C(=C2)C(F)(F)F)Cl)NC(=O)C3=C(C(=NC=N3)N)Cl,brain cancer
trametinib,Mekinist,CC1=C2C(=C(N(C1=O)C)NC3=C(C=C(C=C3)I)F)C(=O)N(C(=O)N2C4=CC=CC(=C4)NC(=O)C)C5CC5,brain cancer
trametinib-dimethyl-sulfoxide,Mekinist,CC1=C2C(=C(N(C1=O)C)NC3=C(C=C(C=C3)I)F)C(=O)N(C(=O)N2C4=CC=CC(=C4)NC(=O)C)C5CC5.CS(=O)C,"lung cancer, skin cancer, solid tumors anywhere in the body, thyroid cancer"
tretinoin,Vesanoid,CC1=C(C(CCC1)(C)C)/C=C/C(=C/C=C/C(=C/C(=O)O)/C)/C,leukemia
triptorelin-pamoate,Trelstar,CC(C)C[C@@H](C(=O)N[C@@H](CCCN=C(N)N)C(=O)N1CCC[C@H]1C(=O)NCC(=O)N)NC(=O)[C@@H](CC2=CNC3=CC=CC=C32)NC(=O)[C@H](CC4=CC=C(C=C4)O)NC(=O)[C@H](CO)NC(=O)[C@H](CC5=CNC6=CC=CC=C65)NC(=O)[C@H](CC7=CN=CN7)NC(=O)[C@@H]8CCC(=O)N8,prostate cancer
tucatinib,Tukysa,CC1=C(C=CC(=C1)NC2=NC=NC3=C2C=C(C=C3)NC4=NC(CO4)(C)C)OC5=CC6=NC=NN6C=C5,"breast cancer, colorectal cancer"
vandetanib,Caprelsa,CN1CCC(CC1)COC2=C(C=C3C(=C2)N=CN=C3NC4=C(C=C(C=C4)Br)F)OC,thyroid cancer
vemurafenib,Zelboraf,CCCS(=O)(=O)NC1=C(C(=C(C=C1)F)C(=O)C2=CNC3=C2C=C(C=N3)C4=CC=C(C=C4)Cl)F,skin cancer
venetoclax,Venclexta,CC1(CCC(=C(C1)C2=CC=C(C=C2)Cl)CN3CCN(CC3)C4=CC(=C(C=C4)C(=O)NS(=O)(=O)C5=CC(=C(C=C5)NCC6CCOCC6)[N+](=O)[O-])OC7=CN=C8C(=C7)C=CN8)C,"leukemia, lymphoma"
vismodegib,Erivedge,CS(=O)(=O)C1=CC(=C(C=C1)C(=O)NC2=CC(=C(C=C2)Cl)C3=CC=CC=N3)Cl,skin cancer
vorasidenib,Voranigo,C[C@H](C(F)(F)F)NC1=NC(=NC(=N1)C2=NC(=CC=C2)Cl)N[C@H](C)C(F)(F)F,brain cancer
vorinostat,Zolinza,C1=CC=C(C=C1)NC(=O)CCCCCCC(=O)NO,lymphoma
zanubrutinib,Brukinsa,C=CC(=O)N1CCC(CC1)[C@@H]2CCNC3=C(C(=NN23)C4=CC=C(C=C4)OC5=CC=CC=C5)C(=O)N,"leukemia, lymphoma"
