#,SMILES,CAS
1,BrC(F)(F)F,75-63-8
2,FC(F)(F)F,75-73-0
3,BrC(Br)(Br)CO,75-80-9
4,C=CCC=C,591-93-5
5,C=CCl,75-01-4
6,CC=CC=C,1574-41-0
7,CC=CC=C,2004-70-8
8,C1C(Br)C(Br)CN(N=O)C1,57541-73-8
9,n1c(N)nc(Cl)nc1NCC,1007-28-9
10,ClC(Cl)(Cl)C(O)NC(=O)OCC,541-79-7
11,FCC(F)Cl,338-64-7
12,CC1=NNC(C)=C1,67-51-6
13,CC1=NON=C1CC,17647-69-7
14,CC(F)(Cl)Cl,1717-00-6
15,C1=C(C)N=C(N=C(N)N)S1,7120-01-6
16,C=CC(=O)OCC,140-88-5
17,ClC(Cl)(Cl)C,71-55-6
18,ClCC(Cl)Cl,79-00-5
19,FC(F)(F)CC(C)CO,114525-06-3
20,FC(F)(F)C(C)CCO,95853-68-2
21,FC(F)(F)CCCCO,352-61-4
22,CC1NCC=C1,122970-63-2
23,C1C(O)CC(C(=O)O)N1,51-35-4
24,CC(=O)NC(C)C(=O)O,97-69-8
25,CCC(N=C=S)C,4426-79-3
26,S=C=NCC(C)C,591-82-2
27,CCCCN=C=S,592-82-5
28,C1CCCC1,287-92-3
29,C=CCCC,109-67-1
30,CC=C(C)C,513-35-9
31,NC(=O)C(C)NC(=O)C,15962-47-7
32,CC(=O)NCC(=O)NC,7606-79-3
33,NC(=O)CCC(N)C(=O)O,56-85-9
34,OCC(C(=O)N)NC(=O)C,23361-38-8
35,CC1CCCO1,96-47-9
36,CCCCC(=O)O,109-52-4
37,CCC(C)C(=O)O,116-53-0
38,OC(=O)C(C)(C)C,75-98-9
39,OC(=O)CC(C)C,503-74-2
40,CCCC(=O)OC,623-42-7
41,CC(=O)OC(C)C,108-21-4
42,CCOC(=O)OCC,105-58-8
43,C1(CO)C(O)C(O)C(O)O1,50-69-1
44,C1C(O)C(O)C(O)C(O)O1,147-81-9
45,CS(=O)(=O)OCC(O)C1CO1,30031-63-1
46,CCCCCBr,110-53-2
47,CCC(C)(C)Cl,594-36-5
48,CCCCCCl,543-59-9
49,CCCCCF,592-50-7
50,CCCCCI,628-17-1
51,CCCC(N)C(=O)O,6600-40-4
52,CC(C)C(N)C(=O)O,72-18-4
53,NCCCCC(=O)O,660-88-8
54,CCCC(N)C(=O)O,760-78-1
55,O1C(N)=NN=C1,3775-60-8
56,CCNC(CO)C(=O)O,83293-50-9
57,CS(=O)(=O)CCC(N)C(=O)O,7314-32-1
58,CCCCC,109-66-0
59,CC(C)(C)C,463-82-1
60,CCCCCO,71-41-0
61,CC(C)CCO,123-51-3
62,CC(C)(C)CO,75-84-3
63,C=C,74-85-1
64,CCC(O)CC,584-02-1
65,COCCCC,628-28-4
66,CNCCCC,110-68-9
67,CCCCCN,110-58-7
68,S=P(C)(OCC)OCC,6996-81-2
69,BrCCBr,106-93-4
70,CC[Pb](C)(C)C,1762-26-1
71,CCC[Si](C)C,18143-31-2
72,c1(Br)c(Br)c(Br)c(Br)c(Br)c1Br,87-82-1
73,c1c(Cl)c(Cl)c(Cl)c(Cl)c1Cl,608-93-5
74,c1(O)c(F)c(F)c(F)c(F)c1F,771-61-9
75,CC(Cl)Cl,75-34-3
76,c1(Br)c(Br)cc(Br)c(Br)c1,636-28-2
77,c1(Cl)c(Cl)cc(Cl)c(Cl)c1,95-94-3
78,ClCCCl,107-06-2
79,Fc1cc(F)c(F)cc1F,327-54-8
80,Brc1cccc(Cl)c1Cl,56961-77-4
81,Clc1cccc(Cl)c1Br,19393-92-1
82,c1(Br)cc(Br)cc(Br)c1,626-39-1
83,c1(Br)c(O)c(Br)cc(Br)c1,118-79-6
84,S=C=S,75-15-0
85,FCC(=O)N,640-19-7
86,C1=Cc2ncnc(Cl)c2S1,16269-66-2
87,Clc1cccc(Cl)c1F,2268-05-5
88,Clc1cc(Cl)ccc1F,1435-48-9
89,OC(=O)c1cc(Cl)nc(Cl)c1,5398-44-7
90,c1(Cl)cc(Cl)cc(Cl)c1,108-70-3
91,c1c(Cl)c(Cl)c(Cl)cc1,87-61-6
92,c1c(O)c(Cl)c(Cl)c(Cl)c1,15950-66-0
93,c1(O)cc(Cl)c(Cl)c(Cl)c1,609-19-8
94,Nc1c(Cl)c(Cl)cc(Cl)c1Cl,3481-20-7
95,ClC(Cl)(Cl)c1nc(C(Cl)(Cl)Cl)nc(SC)n1,3599-76-6
96,c1c(F)c(F)cc(F)c1,367-23-7
97,Oc1c(I)cc(I)cc1I,609-23-4
98,ICCI,624-73-7
99,c1c(Br)ccc(Br)c1,106-37-6
100,c1c(Br)cc(Br)cc1,108-36-1
101,c1c(O)c(Br)cc(Br)c1,615-58-7
102,Brc1cccc(Br)c1O,608-33-3
103,Brc1c(Br)cccc1O,57383-80-9
104,Ic1ccc(Cl)cc1,637-87-6
105,C1(=NCl)C=CC(=O)C=C1,637-61-6
106,c1cc(C(=O)O)nc(Cl)c1,4684-94-0
107,N1c2ccc(Cl)cc2N=N1,94-97-3
108,c1c(Cl)c(Cl)ccc1,95-50-1
109,c1c(Cl)ccc(Cl)c1,106-46-7
110,c1c(Cl)cc(Cl)cc1,541-73-1
111,c1(Cl)cc(O)cc(Cl)c1,591-35-5
112,c1c(Cl)cc(O)c(Cl)c1,583-78-8
113,c1c(O)cc(Cl)c(Cl)c1,95-77-2
114,c1c(O)c(Cl)cc(Cl)c1,120-83-2
115,c1c(Cl)c(O)c(Cl)cc1,87-65-0
116,c1(N)c(Cl)cc(Cl)c(Cl)c1,636-30-6
117,c1(N)cc(Cl)c(Cl)c(Cl)c1,634-91-3
118,C1(Cl)C(Cl)C(Cl)C(Cl)C(Cl)=C1Cl,59229-56-0
119,C1(Cl)C(Cl)C(Cl)C(Cl)C(Cl)=C1Cl,57722-17-5
120,C1(Cl)C(Cl)C(Cl)C(Cl)C(Cl)=C1Cl,57722-15-3
121,C1(Cl)C(Cl)C(Cl)C(Cl)C(Cl)=C1Cl,57722-16-4
122,Fc1cc(F)ccc1,372-18-9
123,BrC(Cl)Cl,75-27-4
124,Fc1ccccc1F,367-11-3
125,Fc1cccc(F)c1O,28177-48-2
126,Nc1c(F)cc(F)cc1F,363-81-5
127,C1=CC2=NON=C2C=C1,273-09-6
128,N1=C2C=CC=CC2=NS1,273-13-2
129,c1ccccc1Br,108-86-1
130,c1c(Br)cc(O)cc1,591-20-8
131,c1c(Br)c(O)ccc1,95-56-7
132,COC(=O)C1=CC=C(Br)O1,2527-99-3
133,c1ccccc1Cl,108-90-7
134,c1c(N)cc(Cl)c(F)c1,367-21-5
135,Nc1ccc(F)cc1Cl,2106-02-7
136,Cl[Hg]c1ccccc1,100-56-1
137,c1cc([Hg]Cl)c(O)cc1,90-03-9
138,c1c(Cl)ccc(O)c1,106-48-9
139,c1c(Cl)cc(O)cc1,108-43-0
140,OCC(=O)O,79-14-1
141,c1c(O)c(Cl)cc(O)c1,615-67-8
142,c1c(N)c(Cl)c(Cl)cc1,608-27-5
143,c1c(Cl)c(N)c(Cl)cc1,608-31-1
144,c1c(N)c(Cl)cc(Cl)c1,554-00-7
145,c1(Cl)cc(N)cc(Cl)c1,626-43-7
146,c1c(Cl)cc(N)c(Cl)c1,95-82-9
147,c1c(N)cc(Cl)c(Cl)c1,95-76-1
148,CCBr,74-96-4
149,C1(Cl)C(Cl)C(Cl)C(Cl)C(Cl)=C1,51795-30-3
150,C1(Cl)C(Cl)C(Cl)C(Cl)C(Cl)=C1,54083-25-9
151,C1(Cl)C(Cl)C(Cl)C(Cl)C(Cl)=C1,54083-24-8
152,C1(Cl)C(Cl)C(Cl)C(Cl)C(Cl)=C1,643-15-2
153,C1(Cl)C(Cl)C(Cl)C(Cl)C(Cl)=C1,319-94-8
154,c1ccccc1F,462-06-6
155,c1c(F)ccc(O)c1,371-41-5
156,c1c(F)cc(O)cc1,372-20-3
157,c1cc(F)c(O)cc1,367-12-4
158,ClC(Br)Br,124-48-1
159,CCCl,75-00-3
160,c1c(N)c(F)cc(F)c1,367-25-9
161,Nc1c(F)cccc1F,5509-65-9
162,c1cc(S(F)(F)(F)(F)F)ccc1,2557-81-5
163,c1ccccc1I,591-50-4
164,c1c(I)cc(O)cc1,626-02-8
165,c1c(I)ccc(O)c1,540-38-5
166,c1c(I)c(O)ccc1,533-58-4
167,c1ccc(N=O)cc1,586-96-9
168,CCI,75-03-6
169,N1=Nc2ccccc2N1,95-14-7
170,CC(=O)N,60-35-5
171,c1ccccc1,71-43-2
172,BrC1C(F)C(Cl)C(Cl)C(Cl)C1Cl,55265-51-5
173,C1(Br)C(Cl)C(Cl)C(Cl)C(Cl)C1Cl,36635-03-7
174,C1(Br)C(Cl)C(Cl)C(Cl)C(Cl)C1Cl,36635-02-6
175,c1c(Br)c(N)ccc1,615-36-1
176,c1c(Br)cc(N)cc1,591-19-5
177,c1c(Cl)c(N)ccc1,95-51-2
178,c1c(Cl)ccc(N)c1,106-47-8
179,c1c(Cl)cc(N)cc1,108-42-9
180,Oc1ccc(Cl)cc1N,95-85-2
181,C1(Cl)C(Cl)C(Cl)C(Cl)C=C1,41992-55-6
182,C1(Cl)c(Cl)C(Cl)C=C(Cl)c1,89674-85-1
183,C1(Cl)C(Cl)C(Cl)C=C(Cl)C1,89674-87-3
184,C1(Cl)C(Cl)C(Cl)C=C(Cl)C1,89674-88-4
185,C1(Cl)C(Cl)C(Cl)C(Cl)C=C1,1782-00-9
186,C1(Cl)C(Cl)C(Cl)C(Cl)C=C1,33875-95-5
187,CC(=O)NO,546-88-3
188,C1(Cl)C(Cl)C(Cl)C(Cl)C=C1,28810-38-0
189,C1(Cl)C(Cl)C(Cl)C(Cl)C=C1,319-81-3
190,C1(F)C(Cl)C(Cl)C(Cl)C(Cl)C1Cl,56086-55-6
191,C1(I)C(Cl)C(Cl)C(Cl)C(Cl)C1Cl,33489-28-0
192,C1(I)C(Cl)C(Cl)C(Cl)C(Cl)C1Cl,33489-27-9
193,ClC(F)F,75-45-6
194,c1c(F)c(N)ccc1,348-54-9
195,c1c(F)cc(N)cc1,372-19-0
196,c1c(F)ccc(N)c1,371-40-4
197,c1c(I)cc(N)cc1,626-01-7
198,c1c(I)c(N)ccc1,615-43-0
199,N1=C(N)NN=C1N,1455-77-2
200,CC,74-84-0
201,N1C(C(=O)NC(=O)N2C)=C2NC1=O,605-99-2
202,CN1C(C(=O)NC(=O)N2)=C2NC1=O,612-37-3
203,c1ccccc1O,108-95-2
204,C1=CSC(C(=O)C)=C1,88-15-3
205,C1=CSC=C1C(=O)C,1468-83-3
206,C1=CSC=C1C(=O)OC,22913-26-4
207,COC(=O)C1=CC=CS1,5380-42-7
208,O=C1SSC(C(=O)C)=C1C,620957-94-0
209,C1=COC(C(=O)OC)=C1,611-13-2
210,O1C=CC(C(=O)OC)=C1,13129-23-2
211,O1C(=O)C(=O)C(=O)C1C(O)CO,36355-38-1
212,c1cc(S)ccc1,108-98-5
213,S1SC=2CCCC2C1=S,14085-33-7
214,c1c(C)nc(Cl)c(C)n1,95-89-6
215,FC(Cl)Cl,75-43-4
216,NC(=O)NC,598-50-5
217,Nc1ccc(Cl)cc1N,95-83-0
218,C1C(Cl)C(Cl)C(Cl)C=C1,56994-25-3
219,C=C(C)C(=O)OCC(F)(F)F,352-87-4
220,CNC(=S)NCC(F)(F)C(F)(F)C(F)(F)F,105412-23-5
221,c1c(C)ccnc1,108-89-4
222,c1c(C)cncc1,108-99-6
223,CC(=O)NN,1068-57-1
224,c1c(C)nccc1,109-06-8
225,c1c(OC)nccc1,1628-89-3
226,C1(=O)C=CN(C)C=C1,695-19-2
227,c1c(OC)ccnc1,620-08-6
228,C1=CSC=C1C(=NO)C,59445-83-9
229,C1=CSC(NC(=O)C)=C1,13053-81-1
230,C1=CNC(C(=O)OC)=C1,1193-62-0
231,S1C=CC=C1C(N)C(=O)O,21124-40-3
232,c1nc(SC)ccc1,18438-38-5
233,c1c(N)c(S)ccc1,137-07-5
234,Nc1ccc(S)cc1,1193-02-8
235,CS(=O)C,67-68-5
236,C1C=CC=CC1,592-57-4
237,C1C=CCC=C1,628-41-1
238,OCCO,107-21-1
239,S1C(CCCl)=C(C)N=C1,533-45-9
240,n1cc(Cl)nc(N(C)C)c1,61655-72-9
241,ClC(Cl)Cl,67-66-3
242,CS(=O)(=O)C,67-71-0
243,C1(Cl)C(Cl)CC(Cl)C(Cl)C1,60067-92-7
244,c1c(NN)cccc1,100-63-0
245,c1c(NC)nccc1,4597-87-9
246,CSC,75-18-3
247,c1c(N)ncc(C)c1,1603-41-4
248,CSSC,624-92-0
249,n1cc(C)nc(OC)c1,2882-21-5
250,c1nc(C)c(OC)nc1,2847-30-5
251,n1cc(OC)nc(OC)c1,4774-15-6
252,c1c(OC)ncc(OC)n1,117856-61-8
253,c1nc(C)c(SC)nc1,2882-20-4
254,c1c(SC)nnc(SC)c1,37813-54-0
255,C1=COC(CC)=C1,3208-16-0
256,NCCO,141-43-5
257,CC1=CC=C(C)O1,625-86-5
258,CCCC1=CSSC1=O,164584-60-5
259,CCCC1=CC(=O)SS1,164584-62-7
260,CC=CC=CC(=O)O,110-44-1
261,O1C(=O)C(O)=C(O)C1C(O)CO,50-81-7
262,OC(=O)CC(O)(C(=O)O)CC(=O)O,77-92-9
263,CN(O)C,5725-96-2
264,C1=CSC(CC)=C1,872-55-9
265,C1=CSC=C1CC,1795-01-3
266,CCCC1=CC(=S)SS1,146252-77-9
267,CCCC1=CSSC1=S,38696-40-1
268,CCC1=C(C)SSC1=S,55486-68-5
269,CCC1=C(C)C(=S)SS1,6125-90-2
270,CNC(=O)NN,17696-95-6
271,CC1=CC=C(C)N1,625-84-3
272,CCC1=CC=CN1,1551-06-0
273,n1c(N(C)C)nccc1,5621-02-3
274,N1=CNC=C1CC(N)C(=O)O,71-00-1
275,C1CCC=CC1,110-83-8
276,CC=CC=CC,5194-50-3
277,NCCN,107-15-3
278,CC=CC=CC,5194-51-4
279,CC=CC=CC,6108-61-8
280,C=CCC=CC,592-45-0
281,C1C(Cl)C(Cl)CCC1,10498-35-8
282,C1C(Cl)C(Cl)CCC1,822-86-6
283,N1C=CN=C1CCC,50995-95-4
284,N1N=CC(OCCC)=C1,88095-60-7
285,N1N=CC(OC(C)C)=C1,14884-03-8
286,CC1=NON=C1CCC,77580-78-0
287,NC(=O)CN1CCCC1=O,7491-74-9
288,NC(=O)C(NC(=O)C)CC(=O)O,4033-40-3
289,CC(=O)CCC=C,109-49-9
290,C=C(C)C(=O)OCC,97-63-2
291,FC(F)(F)C(F)=C(F)F,116-15-4
292,OC(=O)C1CCCC1,3400-45-1
293,BrC(Br)(Br)Br,558-13-4
294,FC(F)(F)C(=O)C(F)(F)F,10057-27-9
295,C1OC1C(O)C(O)C2OC2,23261-20-3
296,C1(C(=O)O)C(O)C(O)C(O)C(O)O1,6556-12-3
297,BrC1CCCCC1,108-85-0
298,NC(=O)NC(=O)C(Br)C(C)C,496-67-3
299,NC(=O)NC(=O)C(Cl)C(C)C,61345-66-2
300,O1C(O)C(F)C(O)C(O)C1CO,62182-10-9
301,FC(F)(F)CCCCCO,65611-47-4
302,FC(F)(F)CC(C)CCO,107103-97-9
303,FC(F)(F)CCC(O)CC,107103-96-8
304,C=CCNCC=C,124-02-7
305,C1CC(N)(C(=O)O)CC1,52-52-8
306,N1C(Br)=NC(Br)=C1Br,2034-22-2
307,NC(=O)CC(NC(=O)C)C(=O)N,84652-30-2
308,N1C(Cl)=C(Cl)N=C1Cl,7682-38-4
309,NCC(=O)NCC(=O)NCC(=O)O,556-33-2
310,C1CC(C)CC1,96-37-7
311,C=CCCCC,592-41-6
312,C1CCCCC1,110-82-7
313,FC(F)(F)C(F)C(F)(F)F,431-89-0
314,ClCC(C)OC(C)CCl,108-60-1
315,CCN(CC)CC(F)(F)F,37174-09-7
316,N1CC(I)=NC(I)=C1I,1746-25-4
317,CC(=O)NC(C)C(=O)NC,22715-68-0
318,CC(O)C(C(=O)N)NC(=O)C,60828-33-3
319,BrC(Cl)C(F)(F)C1N=N1,427897-90-3
320,C1CCC(O)CC1,108-93-0
321,C1C(C)OC(C)C1,2144-41-4
322,C1C(C)OC(C)C1,2390-94-5
323,CC(=O)CC(C)C,108-10-1
324,CC(=O)CCCC,591-78-6
325,CCCCCC=O,66-25-1
326,CCCCC1OC1,1436-34-6
327,CC(=O)C(C)(C)C,75-97-8
328,CC(=O)OCCCC,123-86-4
329,FC(F)(F)C(Cl)OC(F)F,26675-46-7
330,CCC(CC)C(=O)O,88-09-5
331,CCCC(C)C(=O)O,97-61-0
332,CCCCCC(=O)O,142-62-1
333,CC(=O)OC(C)CC,105-46-4
334,CC(=O)OC(C)(C)C,540-88-5
335,COC(=O)CC(C)C,556-24-1
336,COC(=O)C(C)(C)C,598-98-1
337,CCCCC(=O)OC,624-24-8
338,FC(Cl)C(F)(F)OC(F)F,13838-16-9
339,CC(=O)OCC(C)C,110-19-0
340,CCC(=O)OCCC,106-36-5
341,CCC(=O)OC(C)C,637-78-5
342,CCCC(=O)OCC,105-54-4
343,CC(C)C(=O)OCC,97-62-1
344,C1(O)C(O)C(O)C(O)C(CO)O1,50-99-7
345,OCC(O)C(O)C(O)C(O)C=O,921-60-8
346,CCCCCCBr,111-25-1
347,CCCCCCCl,544-10-5
348,CCCCCCI,638-45-9
349,C=CCNCCC,5666-21-7
350,C1CCN(C)CC1,626-67-5
351,C1CCCCC1N,108-91-8
352,NC(=O)OCCCCC,638-42-6
353,CN(C)C(=O)OC(C)C,38580-89-1
354,CCCCC(N)C(=O)O,327-57-1
355,CC(C)CC(N)C(=O)O,61-90-5
356,CCC(C)C(N)C(=O)O,73-32-5
357,NCCCCCC(=O)O,60-32-2
358,CCCCC(N)C(=O)O,616-06-8
359,CCCCCC,110-54-3
360,CC(C)C(C)C,79-29-8
361,CCC(C)(C)C,75-83-2
362,CCC(C)CC,96-14-0
363,CC(C)(C)CN(C)N=O,31820-22-1
364,N=C(N)NCCCC(N)C(=O)O,74-79-3
365,CCCOCCC,111-43-3
366,CC(C)OC(C)C,108-20-3
367,CCOCCCC,628-81-9
368,CCCCCCO,111-27-3
369,CC(C)(C)C(C)O,464-07-3
370,CCC(O)CCC,623-37-0
371,CC(O)CCCC,626-93-7
372,CCCC(C)(O)C,590-36-3
373,CC(C)C(O)(C)C,594-60-5
374,CCC(CC)CO,97-95-0
375,S=C1C=CSS1,534-25-8
376,CC(C)CC(O)C,108-11-2
377,BrCCl,74-97-5
378,CC(C)SC(C)C,625-80-9
379,CCCSCCC,111-47-7
380,CCCNCCC,142-84-7
381,CCCCN(C)C,927-62-8
382,CCN(CC)CC,121-44-8
383,CCCCCCN,111-26-2
384,ClC(Cl)(Cl)C(=O)OC,598-99-2
385,OCCN(CCO)CCO,102-71-6
386,N=C(N)NC(=N)NCCCC,692-13-7
387,CC[Pb](CC)(C)C,1762-27-2
388,CCC[Si](C)(C)C,3510-70-1
389,CCCC[Si](C)C,1001-52-1
390,N1C=C(I)C=N1,3469-69-0
391,Brc1c(Cl)c(Cl)c(Cl)c(Br)c1OC,174913-68-9
392,Brc1c(Br)c(Br)c(Br)c(Br)c1OC,1825-26-9
393,C1(C(F)(F)F)=Nc2ncc(Cl)cc2N1,13577-71-4
394,COc1c(Cl)c(Cl)c(Cl)c(Cl)c1Cl,1825-21-4
395,c1(F)c(F)c(F)c(S(=O)(=O)C)c(F)c1F,651-85-4
396,C1(C(F)(F)F)(C(F)(F)F)NC(C(F)(F)F)(C(F)(F)F)N=C1N,23757-42-8
397,BrCBr,74-95-3
398,Brc1cc(Cl)c(Cl)c(Cl)c1OC,174913-31-6
399,Brc1c(Cl)c(Cl)c(Cl)cc1OC,174913-24-7
400,OC(=O)c1ccc(Br)cc1F,112704-79-7
401,OC(=O)c1c(Br)cccc1Br,601-84-3
402,Brc1cc(Br)c(Cl)c(Br)c1OC,174913-78-1
403,OC(=O)c1c(Cl)cccc1F,434-75-3
404,O=C1Nc2cc(Cl)ccc2O1,95-25-0
405,c1c(Cl)c(Cl)c(OC)c(Cl)c1Cl,6936-40-9
406,c1(O)c(OC)c(Cl)c(Cl)c(Cl)c1Cl,2539-17-5
407,C1(C(F)(F)F)=Nc2ncccc2N1,13797-63-2
408,OC(=O)c1cc(I)c(O)c(I)c1,618-76-8
409,S1Sc2ccccc2C1=S,3354-42-5
410,ClCCl,75-09-2
411,N1C=NC(=O)NC1=O,71-33-0
412,Clc1cc(OC)cc(Cl)c1Br,174913-20-3
413,c1c(Br)c(Cl)c(Cl)c(OC)c1,109803-52-3
414,Clc1cc(Cl)cc(Br)c1OC,60633-26-3
415,c1c(Br)cc(C(=O)O)cc1,585-76-2
416,c1c(Br)ccc(C(=O)O)c1,586-76-5
417,c1c(Br)c(C(=O)O)ccc1,88-65-3
418,O=C1C(Br)=CC(=O)C=C1C,6293-55-6
419,O=Cc1cc(Br)cc(O)c1,199177-26-9
420,Brc1cc(Cl)cc(Br)c1OC,174913-44-1
421,c1(Br)cc(Br)c(OC)c(Br)c1,607-99-8
422,FC(F)(F)c1cc(N)c(Cl)cc1,121-50-6
423,O1c2ccc(Cl)cc2N=C1N,61-80-3
424,c1c(Cl)c(C=O)ccc1,89-98-5
425,O=Cc1cc(Cl)ccc1,587-04-2
426,c1c(Cl)c(C(=O)O)ccc1,118-91-2
427,c1c(Cl)cc(C(=O)O)cc1,535-80-8
428,c1c(O)c(C(=O)O)cc(Cl)c1,321-14-2
429,C=C=C,463-49-0
430,c1c(Cl)cc(Cl)c(CCl)c1,94-99-5
431,c1c(Cl)c(Cl)c(OC)cc1Cl,54135-81-8
432,c1c(Cl)c(Cl)c(Cl)cc1OC,54135-82-9
433,c1c(Cl)c(OC)c(Cl)cc1Cl,87-40-1
434,c1c(F)cc(C(=O)O)cc1,455-38-9
435,c1c(F)c(C(=O)O)ccc1,445-29-4
436,c1c(O)c(C(F)(F)F)ccc1,444-30-4
437,FC(F)(F)c1ccc(O)cc1,402-45-9
438,ClC=CCCl,10061-01-5
439,c1c(I)cc(C(=O)O)cc1,618-51-9
440,c1c(I)c(C(=O)O)ccc1,88-67-5
441,NC(=S)c1cc(I)c(O)c(I)c1,3337-68-6
442,N1=Cc2ccccc2O1,271-95-4
443,N1=C2C=CC=CC2=CO1,271-58-9
444,C1=Nc2ccccc2O1,273-53-0
445,ClC=CCCl,10061-02-6
446,ClC(Cl)C(F)(F)OC,76-38-0
447,CC(Cl)(Cl)C(=O)O,75-99-0
448,N1C(=O)NC(=O)C1,461-72-3
449,BrCC=C,106-95-6
450,C=C(C)Cl,557-98-2
451,ICI,75-11-6
452,CCN=C=S,542-85-8
453,N1C=C(N)C=N1,28466-26-4
454,CC=C,115-07-1
455,BrCCCCl,109-70-6
456,BrCCCBr,109-64-8
457,ClCCCCl,142-28-9
458,ClCC(Cl)C,78-87-5
459,ICCCI,627-31-6
460,Nc1nc(N)nc(N)n1,108-78-1
461,CBr,74-83-9
462,CCCBr,106-94-5
463,CC(Br)C,75-26-3
464,CC(Cl)C,75-29-6
465,CCCCl,540-54-5
466,CC(I)C,75-30-9
467,CCCI,107-08-4
468,O=CN(C)C,68-12-2
469,CC(=O)NC,79-16-3
470,NC(C)C(=O)O,56-41-7
471,NC(C)C(=O)O,302-72-7
472,CNCC(=O)O,107-97-1
473,OCC(N)C(=O)O,56-45-1
474,CCC,74-98-6
475,CCC(=O)NN,5818-15-5
476,OCCCO,504-63-2
477,OCC(O)CO,56-81-5
478,CCCS,107-03-9
479,CCSC,624-89-5
480,CI,74-88-4
481,NCCCO,156-87-6
482,NNC(=O)N(C)C,40685-92-5
483,NCCCN,109-76-2
484,ClC(Cl)=C(Cl)C(Cl)=C(Cl)Cl,87-68-3
485,ClC(F)(F)F,75-72-9
486,O=CN,75-12-7
487,S1C(Br)=C(Br)C=C1,3140-93-0
488,n1cc(Cl)nc(F)c1,33873-10-8
489,n1cc(Cl)nc(Cl)c1,4774-14-5
490,n1c(Cl)ccnc1Cl,3934-20-1
491,C1=CC(Br)=CO1,22037-28-1
492,C1=CC(Br)=CS1,872-31-1
493,C1=CC=C(Br)S1,1003-09-4
494,C1=CC=C(Cl)S1,96-43-5
495,ClC1=CSC=C1,17249-80-8
496,FC(F)(F)C(F)(F)C(F)(F)CO,375-01-9
497,O=C1C2=C(N=NN2)N=CN1,2683-90-1
498,ClC(Cl)(Cl)c1nc(N)nc(N)n1,16088-73-6
499,NC(=O)N,57-13-6
500,C1=CN=CC(=O)N1,6270-63-9
501,C1=CC(=O)N=CN1,4562-27-0
502,C1=CC=NC(=O)N1,557-01-7
503,N1C(=O)NC(=O)C=C1,66-22-8
504,O=CNN,624-84-0
505,C1(=O)NC(=O)NC(=O)C1,67-52-7
506,N1=C(CC(=O)O)C(=O)ON1,26537-53-1
507,ONC(=O)N,127-07-1
508,O1C=CC=C1,110-00-9
509,O=C1C=C(C)SS1,3620-08-4
510,ClC(Cl)(F)F,75-71-8
511,NC(=S)N,62-56-6
512,S1C=CC=C1,110-02-1
513,S=C1C=C(C)SS1,3354-40-3
514,CCOC(=O)C(Cl)(Cl)Cl,515-84-4
515,CC(=O)OCC(F)(F)F,406-95-1
516,c1nc(C)nnc1,24108-33-6
517,C1=CC(N)=NC(=O)N1,71-30-7
518,N1=C(C)N=C(C=NO)S1,61444-96-0
519,C=CC=C,106-99-0
520,BrCC(Br)C(Br)CBr,1529-68-6
521,NC(=O)NN,57-56-7
522,N1=C(O)C=C(CN)O1,2763-96-4
523,NNC,60-34-4
524,CC1=NSN=C1C,5728-21-2
525,NC(=O)C1=C(N)NC=N1,360-97-4
526,ClC(F)(F)C(F)(F)Cl,76-14-2
527,FC(Cl)(Cl)C(F)(F)Cl,76-13-1
528,OC(=O)C(O)CC(=O)O,6915-15-7
529,OC(=O)C(O)C(O)C(=O)O,87-69-4
530,BrCCC=C,5162-44-7
531,CCC(Br)C(=O)O,80-58-0
532,CC(=O)OCCBr,927-68-4
533,[2H]C(Cl)(Cl)Cl,865-49-6
534,ClC(Cl)(Cl)C(O)(C)C,57-15-8
535,FC(F)(F)C(O)(C)C,507-52-8
536,OC(=O)C1CCN1,2517-04-6
537,OC(=O)C1(N)CC1,22059-21-8
538,OC(=O)C1CNC1,36476-78-5
539,ClC(Cl)=C(Cl)Cl,127-18-4
540,NC(C(=O)O)CC(=O)O,56-84-8
541,C1(=O)NC(=N)N(C)C1,60-27-5
542,ClC(Cl)(Cl)C(Cl)(Cl)Cl,67-72-1
543,C=C(C)C,115-11-7
544,CC=CC,624-64-6
545,CC=CC,590-18-1
546,C=CCC,106-98-9
547,ClCCCCCl,110-56-5
548,ClCCOCCCl,111-44-4
549,FC(F)(F)CN(C)C,819-06-7
550,CC(=O)NCC(=O)N,2620-63-5
551,NCC(=O)NCC(=O)O,556-50-3
552,NC(=O)CC(N)C(=O)O,70-47-3
553,FC(F)(F)C(F)(F)F,76-16-4
554,CCOC=C,109-92-2
555,CCCCBr,109-65-9
556,BrC(C)(C)C,507-19-7
557,CC(C)CBr,78-77-3
558,CCCCCl,109-69-3
559,CC(Cl)CC,78-86-4
560,FC(F)(F)C(Cl)Br,151-67-7
561,ClC(C)(C)C,507-20-0
562,CC(C)CCl,513-36-0
563,CCCCF,2366-52-1
564,CCCCI,542-69-8
565,N1N=C(Br)N=C1Br,7411-23-6
566,CC(C)(C)N=O,917-95-3
567,NCCCC(=O)O,56-12-2
568,CCC(N)C(=O)O,80-60-4
569,CN(C)CC(=O)O,1118-68-9
570,OC(C)C(N)C(=O)O,72-19-5
571,NNC(=O)NCC=C,57421-73-5
572,CCCC,106-97-8
573,CC(C)C,75-28-5
574,FC(Cl)(Cl)Cl,75-69-4
575,BrC=C(Br)Br,598-16-3
576,C1NCCNC1,110-85-0
577,FC(F)(F)C(Cl)F,2837-89-0
578,ClC=C(Cl)Cl,79-01-6
579,OCC(O)C(O)CO,7541-59-5
580,CCSCC,352-93-2
581,CCCCS,109-79-5
582,O=CC(Cl)(Cl)Cl,75-87-6
583,OCCNCCO,111-42-2
584,N=C(N)NC(=N)N(C)C,657-24-9
585,OC(=O)C(Cl)(Cl)Cl,76-03-9
586,C[Ge](C)(C)C,865-52-1
587,ClC(Cl)(Cl)C(Cl)Cl,76-01-7
588,C[Pb](C)(C)C,75-74-1
589,C[Si](C)(C)C,75-76-3
590,C[Sn](C)(C)C,594-27-4
591,n1c(Cl)c(Cl)c(Cl)c(Cl)c1Cl,2176-62-7
592,C1(Cl)=C(Cl)C(Cl)(Cl)C(Cl)=C1Cl,77-47-4
593,BrC1=NC2=C(Br)NC(Br)=NC2=N1,18874-52-7
594,c1(Cl)cc(Cl)cc(Cl)n1,16063-69-7
595,c1c(Cl)cc(Cl)c(Cl)n1,16063-70-0
596,FC(F)(F)C(F)F,354-33-6
597,c1(Cl)c(Cl)cc(Cl)c(O)n1,6515-38-4
598,c1c(Cl)ccc(Cl)n1,16110-09-1
599,c1c(Cl)cc(Cl)cn1,2457-47-8
600,c1cc(Cl)nc(Cl)c1,2402-78-0
601,n1c(F)cccc1F,1513-65-1
602,c1cc(Br)cnc1,626-55-1
603,c1c(Br)ccnc1,1120-87-2
604,c1ccc(Br)nc1,109-04-6
605,c1c(Cl)ccnc1,626-61-9
606,c1cc(Cl)cnc1,626-60-8
607,c1ccc(Cl)nc1,109-09-1
608,FCC(F)(F)Cl,421-04-5
609,c1cc(I)cnc1,1120-90-7
610,N1C(=O)NC(=O)C(C=O)=C1,1195-08-0
611,ClC=CCl,156-59-2
612,C12=C(NC=N1)C(=O)NC=N2,68-94-0
613,N1C(C(=O)NC(=O)N2)=C2NC1=O,69-93-2
614,C1(C=O)=CSC=C1,498-62-4
615,C1=C(C=O)SC=C1,98-03-3
616,ClC=CCl,156-60-5
617,C1=C(C(=O)O)SC=C1,527-72-0
618,C1(C(=O)O)=CSC=C1,88-13-1
619,O=C1SSC(C(=O)C)=C1,620957-93-9
620,C=C(Cl)Cl,75-35-4
621,C1(C(=O)O)=COC=C1,488-93-7
622,n1c(C)cnc(Cl)c1,59303-10-5
623,n1cc(C)nc(Cl)c1,38557-71-0
624,n1cc(OC)nc(Cl)c1,33332-30-8
625,n1c(OC)cnc(Cl)c1,33332-31-9
626,CCOC1=NC(C(Cl)(Cl)Cl)=NS1,2593-15-9
627,ClC(Cl)(Cl)c1nc(C)nc(N)n1,21227-47-4
628,ClC(Cl)(Cl)c1nc(N)nc(OC)n1,115571-04-5
629,ClC(Cl)(Cl)c1nc(N)nc(SC)n1,14946-02-2
630,FC(F)(F)C(F)(F)C(=O)OCC,426-65-3
631,ClC(Cl)C(Cl)Cl,79-34-5
632,NC(=S)C1=CC=CS1,20300-02-1
633,n1c(C(=O)N)nccc1,88511-48-2
634,ClC(Cl)(Cl)Cl,56-23-5
635,ClC(Cl)(Cl)CCl,630-20-6
636,C=C(F)F,75-38-7
637,O=C1NC(C)=CC=N1,15231-48-8
638,N1(C)C(=O)NC(=O)C=C1,615-77-0
639,n1cc(SC)ncc1,21948-70-9
640,n1c(SC)nccc1,823-09-6
641,C1=C(C)OC=C1,534-22-5
642,COC1=CC=CS1,16839-97-7
643,CCC1=CC(=O)SS1,164584-61-6
644,CCC1=CSSC1=O,35659-69-9
645,CC1=C(C)SSC1=O,35659-69-9
646,C1=C(OC)OC=C1,25414-22-6
647,C1=C(C)SC=C1,554-14-3
648,C1(C)=CSC=C1,616-44-4
649,CCC1=CC(=S)SS1,52514-89-3
650,CCC1=CSSC1=S,7113-30-6
651,S=C1SSC(C)=C1C,3354-39-0
652,C=CBr,593-60-2
653,C1=CN(C)C=C1,96-54-8
